[
{
  "model": "room.room",
  "pk": 1,
  "fields": {
    "number": "102",
    "type": "SINGLE",
    "price_per_night": "40.00",
    "capacity": 2
  }
},
{
  "model": "room.room",
  "pk": 2,
  "fields": {
    "number": "103",
    "type": "Double",
    "price_per_night": "32.00",
    "capacity": 1
  }
},
{
  "model": "room.room",
  "pk": 3,
  "fields": {
    "number": "1",
    "type": "Double",
    "price_per_night": "135.00",
    "capacity": 4
  }
},
{
  "model": "room.room",
  "pk": 4,
  "fields": {
    "number": "2",
    "type": "Single",
    "price_per_night": "93.00",
    "capacity": 2
  }
},
{
  "model": "room.room",
  "pk": 5,
  "fields": {
    "number": "3",
    "type": "Suite",
    "price_per_night": "132.00",
    "capacity": 5
  }
},
{
  "model": "room.room",
  "pk": 6,
  "fields": {
    "number": "4",
    "type": "Double",
    "price_per_night": "249.00",
    "capacity": 1
  }
},
{
  "model": "room.room",
  "pk": 7,
  "fields": {
    "number": "5",
    "type": "Suite",
    "price_per_night": "209.00",
    "capacity": 5
  }
},
{
  "model": "room.room",
  "pk": 8,
  "fields": {
    "number": "6",
    "type": "Suite",
    "price_per_night": "224.00",
    "capacity": 5
  }
},
{
  "model": "room.room",
  "pk": 9,
  "fields": {
    "number": "7",
    "type": "Suite",
    "price_per_night": "31.00",
    "capacity": 3
  }
},
{
  "model": "room.room",
  "pk": 10,
  "fields": {
    "number": "8",
    "type": "Single",
    "price_per_night": "248.00",
    "capacity": 4
  }
},
{
  "model": "room.room",
  "pk": 11,
  "fields": {
    "number": "9",
    "type": "Single",
    "price_per_night": "199.00",
    "capacity": 3
  }
},
{
  "model": "room.room",
  "pk": 12,
  "fields": {
    "number": "10",
    "type": "Double",
    "price_per_night": "134.00",
    "capacity": 5
  }
},
{
  "model": "room.room",
  "pk": 13,
  "fields": {
    "number": "11",
    "type": "Suite",
    "price_per_night": "237.00",
    "capacity": 5
  }
},
{
  "model": "room.room",
  "pk": 14,
  "fields": {
    "number": "12",
    "type": "Suite",
    "price_per_night": "149.00",
    "capacity": 4
  }
},
{
  "model": "room.room",
  "pk": 15,
  "fields": {
    "number": "13",
    "type": "Double",
    "price_per_night": "37.00",
    "capacity": 1
  }
},
{
  "model": "room.room",
  "pk": 16,
  "fields": {
    "number": "14",
    "type": "Suite",
    "price_per_night": "103.00",
    "capacity": 5
  }
},
{
  "model": "room.room",
  "pk": 17,
  "fields": {
    "number": "15",
    "type": "Double",
    "price_per_night": "248.00",
    "capacity": 5
  }
},
{
  "model": "room.room",
  "pk": 18,
  "fields": {
    "number": "16",
    "type": "Double",
    "price_per_night": "30.00",
    "capacity": 1
  }
},
{
  "model": "room.room",
  "pk": 19,
  "fields": {
    "number": "17",
    "type": "Suite",
    "price_per_night": "136.00",
    "capacity": 6
  }
},
{
  "model": "room.room",
  "pk": 20,
  "fields": {
    "number": "18",
    "type": "Suite",
    "price_per_night": "198.00",
    "capacity": 2
  }
},
{
  "model": "room.room",
  "pk": 21,
  "fields": {
    "number": "19",
    "type": "Double",
    "price_per_night": "192.00",
    "capacity": 2
  }
},
{
  "model": "room.room",
  "pk": 22,
  "fields": {
    "number": "20",
    "type": "Double",
    "price_per_night": "66.00",
    "capacity": 4
  }
},
{
  "model": "room.room",
  "pk": 23,
  "fields": {
    "number": "21",
    "type": "Suite",
    "price_per_night": "169.00",
    "capacity": 5
  }
},
{
  "model": "room.room",
  "pk": 24,
  "fields": {
    "number": "22",
    "type": "Single",
    "price_per_night": "217.00",
    "capacity": 5
  }
},
{
  "model": "room.room",
  "pk": 25,
  "fields": {
    "number": "23",
    "type": "Double",
    "price_per_night": "174.00",
    "capacity": 1
  }
},
{
  "model": "room.room",
  "pk": 26,
  "fields": {
    "number": "24",
    "type": "Suite",
    "price_per_night": "70.00",
    "capacity": 3
  }
},
{
  "model": "booking.booking",
  "pk": 1,
  "fields": {
    "room": 5,
    "user": 1,
    "check_in_date": "2026-01-15",
    "check_out_date": "2026-01-17",
    "actual_check_out_date": "2026-01-17",
    "status": "Active",
    "price_per_night": "132.00"
  }
},
{
  "model": "booking.booking",
  "pk": 52,
  "fields": {
    "room": 21,
    "user": 6,
    "check_in_date": "2026-01-26",
    "check_out_date": "2026-01-31",
    "actual_check_out_date": "2026-02-01",
    "status": "Booked",
    "price_per_night": "144.00"
  }
},
{
  "model": "booking.booking",
  "pk": 53,
  "fields": {
    "room": 15,
    "user": 7,
    "check_in_date": "2026-09-30",
    "check_out_date": "2026-10-03",
    "actual_check_out_date": "2026-10-04",
    "status": "Booked",
    "price_per_night": "199.00"
  }
},
{
  "model": "booking.booking",
  "pk": 54,
  "fields": {
    "room": 24,
    "user": 6,
    "check_in_date": "2026-03-16",
    "check_out_date": "2026-03-21",
    "actual_check_out_date": "2026-03-21",
    "status": "Booked",
    "price_per_night": "237.00"
  }
},
{
  "model": "booking.booking",
  "pk": 55,
  "fields": {
    "room": 11,
    "user": 7,
    "check_in_date": "2026-10-27",
    "check_out_date": "2026-10-31",
    "actual_check_out_date": "2026-11-03",
    "status": "Booked",
    "price_per_night": "49.00"
  }
},
{
  "model": "booking.booking",
  "pk": 56,
  "fields": {
    "room": 4,
    "user": 8,
    "check_in_date": "2026-10-30",
    "check_out_date": "2026-11-01",
    "actual_check_out_date": "2026-11-04",
    "status": "Booked",
    "price_per_night": "43.00"
  }
},
{
  "model": "booking.booking",
  "pk": 57,
  "fields": {
    "room": 15,
    "user": 8,
    "check_in_date": "2025-11-09",
    "check_out_date": "2025-11-12",
    "actual_check_out_date": "2025-11-15",
    "status": "Cancelled",
    "price_per_night": "74.00"
  }
},
{
  "model": "booking.booking",
  "pk": 58,
  "fields": {
    "room": 19,
    "user": 6,
    "check_in_date": "2026-06-17",
    "check_out_date": "2026-06-22",
    "actual_check_out_date": "2026-06-24",
    "status": "Booked",
    "price_per_night": "113.00"
  }
},
{
  "model": "booking.booking",
  "pk": 59,
  "fields": {
    "room": 12,
    "user": 8,
    "check_in_date": "2025-12-06",
    "check_out_date": "2025-12-10",
    "actual_check_out_date": "2025-12-11",
    "status": "No show",
    "price_per_night": "157.00"
  }
},
{
  "model": "booking.booking",
  "pk": 60,
  "fields": {
    "room": 4,
    "user": 6,
    "check_in_date": "2026-08-12",
    "check_out_date": "2026-08-14",
    "actual_check_out_date": "2026-08-17",
    "status": "Booked",
    "price_per_night": "83.00"
  }
},
{
  "model": "booking.booking",
  "pk": 61,
  "fields": {
    "room": 18,
    "user": 8,
    "check_in_date": "2026-07-20",
    "check_out_date": "2026-07-24",
    "actual_check_out_date": "2026-07-26",
    "status": "Booked",
    "price_per_night": "109.00"
  }
},
{
  "model": "booking.booking",
  "pk": 62,
  "fields": {
    "room": 14,
    "user": 7,
    "check_in_date": "2026-08-14",
    "check_out_date": "2026-08-17",
    "actual_check_out_date": "2026-08-19",
    "status": "Booked",
    "price_per_night": "204.00"
  }
},
{
  "model": "booking.booking",
  "pk": 63,
  "fields": {
    "room": 4,
    "user": 7,
    "check_in_date": "2026-04-30",
    "check_out_date": "2026-05-01",
    "actual_check_out_date": "2026-05-01",
    "status": "Booked",
    "price_per_night": "87.00"
  }
},
{
  "model": "booking.booking",
  "pk": 64,
  "fields": {
    "room": 13,
    "user": 8,
    "check_in_date": "2026-08-23",
    "check_out_date": "2026-08-27",
    "actual_check_out_date": "2026-08-28",
    "status": "Booked",
    "price_per_night": "40.00"
  }
},
{
  "model": "booking.booking",
  "pk": 65,
  "fields": {
    "room": 1,
    "user": 7,
    "check_in_date": "2026-03-04",
    "check_out_date": "2026-03-09",
    "actual_check_out_date": "2026-03-10",
    "status": "Booked",
    "price_per_night": "147.00"
  }
},
{
  "model": "booking.booking",
  "pk": 66,
  "fields": {
    "room": 24,
    "user": 6,
    "check_in_date": "2025-12-06",
    "check_out_date": "2025-12-10",
    "actual_check_out_date": "2025-12-10",
    "status": "No show",
    "price_per_night": "33.00"
  }
},
{
  "model": "booking.booking",
  "pk": 67,
  "fields": {
    "room": 19,
    "user": 8,
    "check_in_date": "2025-12-26",
    "check_out_date": "2025-12-30",
    "actual_check_out_date": "2026-01-02",
    "status": "Cancelled",
    "price_per_night": "184.00"
  }
},
{
  "model": "booking.booking",
  "pk": 68,
  "fields": {
    "room": 25,
    "user": 6,
    "check_in_date": "2026-03-02",
    "check_out_date": "2026-03-07",
    "actual_check_out_date": "2026-03-10",
    "status": "Booked",
    "price_per_night": "120.00"
  }
},
{
  "model": "booking.booking",
  "pk": 69,
  "fields": {
    "room": 23,
    "user": 7,
    "check_in_date": "2026-04-23",
    "check_out_date": "2026-04-28",
    "actual_check_out_date": "2026-04-28",
    "status": "Booked",
    "price_per_night": "140.00"
  }
},
{
  "model": "booking.booking",
  "pk": 70,
  "fields": {
    "room": 20,
    "user": 9,
    "check_in_date": "2025-11-08",
    "check_out_date": "2025-11-10",
    "actual_check_out_date": "2025-11-13",
    "status": "Completed",
    "price_per_night": "84.00"
  }
},
{
  "model": "booking.booking",
  "pk": 71,
  "fields": {
    "room": 11,
    "user": 7,
    "check_in_date": "2025-12-05",
    "check_out_date": "2025-12-08",
    "actual_check_out_date": "2025-12-08",
    "status": "Completed",
    "price_per_night": "248.00"
  }
},
{
  "model": "booking.booking",
  "pk": 72,
  "fields": {
    "room": 19,
    "user": 6,
    "check_in_date": "2026-03-03",
    "check_out_date": "2026-03-08",
    "actual_check_out_date": "2026-03-10",
    "status": "Booked",
    "price_per_night": "40.00"
  }
},
{
  "model": "booking.booking",
  "pk": 73,
  "fields": {
    "room": 8,
    "user": 7,
    "check_in_date": "2026-07-15",
    "check_out_date": "2026-07-17",
    "actual_check_out_date": "2026-07-20",
    "status": "Booked",
    "price_per_night": "158.00"
  }
},
{
  "model": "booking.booking",
  "pk": 74,
  "fields": {
    "room": 15,
    "user": 9,
    "check_in_date": "2026-08-21",
    "check_out_date": "2026-08-24",
    "actual_check_out_date": "2026-08-26",
    "status": "Booked",
    "price_per_night": "180.00"
  }
},
{
  "model": "booking.booking",
  "pk": 75,
  "fields": {
    "room": 24,
    "user": 6,
    "check_in_date": "2026-09-29",
    "check_out_date": "2026-10-04",
    "actual_check_out_date": "2026-10-07",
    "status": "Booked",
    "price_per_night": "159.00"
  }
},
{
  "model": "booking.booking",
  "pk": 76,
  "fields": {
    "room": 8,
    "user": 7,
    "check_in_date": "2026-05-02",
    "check_out_date": "2026-05-07",
    "actual_check_out_date": "2026-05-07",
    "status": "Booked",
    "price_per_night": "179.00"
  }
},
{
  "model": "booking.booking",
  "pk": 77,
  "fields": {
    "room": 8,
    "user": 6,
    "check_in_date": "2026-08-10",
    "check_out_date": "2026-08-12",
    "actual_check_out_date": "2026-08-13",
    "status": "Booked",
    "price_per_night": "37.00"
  }
},
{
  "model": "booking.booking",
  "pk": 78,
  "fields": {
    "room": 2,
    "user": 6,
    "check_in_date": "2026-10-13",
    "check_out_date": "2026-10-16",
    "actual_check_out_date": "2026-10-16",
    "status": "Booked",
    "price_per_night": "87.00"
  }
},
{
  "model": "booking.booking",
  "pk": 79,
  "fields": {
    "room": 15,
    "user": 7,
    "check_in_date": "2026-03-22",
    "check_out_date": "2026-03-27",
    "actual_check_out_date": "2026-03-30",
    "status": "Booked",
    "price_per_night": "73.00"
  }
},
{
  "model": "booking.booking",
  "pk": 80,
  "fields": {
    "room": 23,
    "user": 7,
    "check_in_date": "2026-08-03",
    "check_out_date": "2026-08-05",
    "actual_check_out_date": "2026-08-06",
    "status": "Booked",
    "price_per_night": "186.00"
  }
},
{
  "model": "booking.booking",
  "pk": 81,
  "fields": {
    "room": 18,
    "user": 7,
    "check_in_date": "2026-06-18",
    "check_out_date": "2026-06-19",
    "actual_check_out_date": "2026-06-19",
    "status": "Booked",
    "price_per_night": "52.00"
  }
},
{
  "model": "booking.booking",
  "pk": 82,
  "fields": {
    "room": 18,
    "user": 6,
    "check_in_date": "2025-12-31",
    "check_out_date": "2026-01-01",
    "actual_check_out_date": "2026-01-04",
    "status": "Completed",
    "price_per_night": "183.00"
  }
},
{
  "model": "booking.booking",
  "pk": 83,
  "fields": {
    "room": 2,
    "user": 7,
    "check_in_date": "2026-08-18",
    "check_out_date": "2026-08-23",
    "actual_check_out_date": "2026-08-25",
    "status": "Booked",
    "price_per_night": "60.00"
  }
},
{
  "model": "booking.booking",
  "pk": 84,
  "fields": {
    "room": 19,
    "user": 8,
    "check_in_date": "2026-11-02",
    "check_out_date": "2026-11-05",
    "actual_check_out_date": "2026-11-08",
    "status": "Booked",
    "price_per_night": "190.00"
  }
},
{
  "model": "booking.booking",
  "pk": 85,
  "fields": {
    "room": 23,
    "user": 8,
    "check_in_date": "2026-01-17",
    "check_out_date": "2026-01-20",
    "actual_check_out_date": "2026-01-21",
    "status": "Booked",
    "price_per_night": "98.00"
  }
},
{
  "model": "booking.booking",
  "pk": 86,
  "fields": {
    "room": 8,
    "user": 7,
    "check_in_date": "2026-12-10",
    "check_out_date": "2026-12-11",
    "actual_check_out_date": "2026-12-14",
    "status": "Booked",
    "price_per_night": "186.00"
  }
},
{
  "model": "booking.booking",
  "pk": 87,
  "fields": {
    "room": 23,
    "user": 8,
    "check_in_date": "2025-10-31",
    "check_out_date": "2025-11-03",
    "actual_check_out_date": "2025-11-05",
    "status": "Completed",
    "price_per_night": "162.00"
  }
},
{
  "model": "booking.booking",
  "pk": 88,
  "fields": {
    "room": 16,
    "user": 8,
    "check_in_date": "2025-12-16",
    "check_out_date": "2025-12-18",
    "actual_check_out_date": "2025-12-18",
    "status": "No show",
    "price_per_night": "231.00"
  }
},
{
  "model": "booking.booking",
  "pk": 89,
  "fields": {
    "room": 15,
    "user": 8,
    "check_in_date": "2026-01-31",
    "check_out_date": "2026-02-02",
    "actual_check_out_date": "2026-02-02",
    "status": "Booked",
    "price_per_night": "228.00"
  }
},
{
  "model": "booking.booking",
  "pk": 90,
  "fields": {
    "room": 8,
    "user": 6,
    "check_in_date": "2026-08-07",
    "check_out_date": "2026-08-11",
    "actual_check_out_date": "2026-08-12",
    "status": "Booked",
    "price_per_night": "36.00"
  }
},
{
  "model": "booking.booking",
  "pk": 91,
  "fields": {
    "room": 15,
    "user": 6,
    "check_in_date": "2026-04-21",
    "check_out_date": "2026-04-26",
    "actual_check_out_date": "2026-04-29",
    "status": "Booked",
    "price_per_night": "167.00"
  }
},
{
  "model": "booking.booking",
  "pk": 92,
  "fields": {
    "room": 14,
    "user": 6,
    "check_in_date": "2026-04-13",
    "check_out_date": "2026-04-17",
    "actual_check_out_date": "2026-04-19",
    "status": "Booked",
    "price_per_night": "121.00"
  }
},
{
  "model": "booking.booking",
  "pk": 93,
  "fields": {
    "room": 24,
    "user": 8,
    "check_in_date": "2026-11-11",
    "check_out_date": "2026-11-16",
    "actual_check_out_date": "2026-11-17",
    "status": "Booked",
    "price_per_night": "180.00"
  }
},
{
  "model": "booking.booking",
  "pk": 94,
  "fields": {
    "room": 14,
    "user": 6,
    "check_in_date": "2026-11-18",
    "check_out_date": "2026-11-21",
    "actual_check_out_date": "2026-11-22",
    "status": "Booked",
    "price_per_night": "141.00"
  }
},
{
  "model": "booking.booking",
  "pk": 95,
  "fields": {
    "room": 11,
    "user": 8,
    "check_in_date": "2026-03-15",
    "check_out_date": "2026-03-16",
    "actual_check_out_date": "2026-03-19",
    "status": "Booked",
    "price_per_night": "137.00"
  }
},
{
  "model": "booking.booking",
  "pk": 96,
  "fields": {
    "room": 11,
    "user": 7,
    "check_in_date": "2026-09-05",
    "check_out_date": "2026-09-08",
    "actual_check_out_date": "2026-09-08",
    "status": "Booked",
    "price_per_night": "127.00"
  }
},
{
  "model": "booking.booking",
  "pk": 97,
  "fields": {
    "room": 9,
    "user": 8,
    "check_in_date": "2026-07-20",
    "check_out_date": "2026-07-23",
    "actual_check_out_date": "2026-07-26",
    "status": "Booked",
    "price_per_night": "41.00"
  }
},
{
  "model": "booking.booking",
  "pk": 98,
  "fields": {
    "room": 5,
    "user": 9,
    "check_in_date": "2026-04-06",
    "check_out_date": "2026-04-10",
    "actual_check_out_date": "2026-04-13",
    "status": "Booked",
    "price_per_night": "223.00"
  }
},
{
  "model": "booking.booking",
  "pk": 99,
  "fields": {
    "room": 19,
    "user": 9,
    "check_in_date": "2026-07-04",
    "check_out_date": "2026-07-08",
    "actual_check_out_date": "2026-07-09",
    "status": "Booked",
    "price_per_night": "226.00"
  }
},
{
  "model": "booking.booking",
  "pk": 100,
  "fields": {
    "room": 22,
    "user": 9,
    "check_in_date": "2026-01-23",
    "check_out_date": "2026-01-26",
    "actual_check_out_date": "2026-01-29",
    "status": "Booked",
    "price_per_night": "100.00"
  }
},
{
  "model": "booking.booking",
  "pk": 101,
  "fields": {
    "room": 17,
    "user": 7,
    "check_in_date": "2026-12-03",
    "check_out_date": "2026-12-05",
    "actual_check_out_date": "2026-12-08",
    "status": "Booked",
    "price_per_night": "54.00"
  }
},
{
  "model": "booking.booking",
  "pk": 102,
  "fields": {
    "room": 13,
    "user": 15,
    "check_in_date": "2026-06-02",
    "check_out_date": "2026-06-03",
    "actual_check_out_date": "2026-06-04",
    "status": "Booked",
    "price_per_night": "124.00"
  }
},
{
  "model": "booking.booking",
  "pk": 103,
  "fields": {
    "room": 22,
    "user": 27,
    "check_in_date": "2026-07-20",
    "check_out_date": "2026-07-24",
    "actual_check_out_date": "2026-07-25",
    "status": "Booked",
    "price_per_night": "186.00"
  }
},
{
  "model": "booking.booking",
  "pk": 104,
  "fields": {
    "room": 19,
    "user": 15,
    "check_in_date": "2026-07-24",
    "check_out_date": "2026-07-28",
    "actual_check_out_date": "2026-07-28",
    "status": "Booked",
    "price_per_night": "127.00"
  }
},
{
  "model": "booking.booking",
  "pk": 105,
  "fields": {
    "room": 16,
    "user": 10,
    "check_in_date": "2026-01-17",
    "check_out_date": "2026-01-22",
    "actual_check_out_date": "2026-01-24",
    "status": "Booked",
    "price_per_night": "250.00"
  }
},
{
  "model": "booking.booking",
  "pk": 106,
  "fields": {
    "room": 21,
    "user": 22,
    "check_in_date": "2026-09-02",
    "check_out_date": "2026-09-06",
    "actual_check_out_date": "2026-09-09",
    "status": "Booked",
    "price_per_night": "204.00"
  }
},
{
  "model": "booking.booking",
  "pk": 107,
  "fields": {
    "room": 25,
    "user": 17,
    "check_in_date": "2026-04-08",
    "check_out_date": "2026-04-10",
    "actual_check_out_date": "2026-04-12",
    "status": "Booked",
    "price_per_night": "56.00"
  }
},
{
  "model": "booking.booking",
  "pk": 108,
  "fields": {
    "room": 1,
    "user": 14,
    "check_in_date": "2026-06-18",
    "check_out_date": "2026-06-20",
    "actual_check_out_date": "2026-06-22",
    "status": "Booked",
    "price_per_night": "44.00"
  }
},
{
  "model": "booking.booking",
  "pk": 109,
  "fields": {
    "room": 15,
    "user": 24,
    "check_in_date": "2025-10-30",
    "check_out_date": "2025-10-31",
    "actual_check_out_date": "2025-11-01",
    "status": "Completed",
    "price_per_night": "123.00"
  }
},
{
  "model": "booking.booking",
  "pk": 110,
  "fields": {
    "room": 1,
    "user": 13,
    "check_in_date": "2026-03-15",
    "check_out_date": "2026-03-16",
    "actual_check_out_date": "2026-03-16",
    "status": "Booked",
    "price_per_night": "135.00"
  }
},
{
  "model": "booking.booking",
  "pk": 111,
  "fields": {
    "room": 4,
    "user": 21,
    "check_in_date": "2026-08-17",
    "check_out_date": "2026-08-21",
    "actual_check_out_date": "2026-08-21",
    "status": "Booked",
    "price_per_night": "238.00"
  }
},
{
  "model": "booking.booking",
  "pk": 112,
  "fields": {
    "room": 2,
    "user": 8,
    "check_in_date": "2026-12-04",
    "check_out_date": "2026-12-06",
    "actual_check_out_date": "2026-12-09",
    "status": "Booked",
    "price_per_night": "45.00"
  }
},
{
  "model": "booking.booking",
  "pk": 113,
  "fields": {
    "room": 15,
    "user": 22,
    "check_in_date": "2026-12-20",
    "check_out_date": "2026-12-21",
    "actual_check_out_date": "2026-12-24",
    "status": "Booked",
    "price_per_night": "183.00"
  }
},
{
  "model": "booking.booking",
  "pk": 114,
  "fields": {
    "room": 4,
    "user": 7,
    "check_in_date": "2025-10-24",
    "check_out_date": "2025-10-25",
    "actual_check_out_date": "2025-10-28",
    "status": "Cancelled",
    "price_per_night": "124.00"
  }
},
{
  "model": "booking.booking",
  "pk": 115,
  "fields": {
    "room": 1,
    "user": 26,
    "check_in_date": "2025-12-10",
    "check_out_date": "2025-12-14",
    "actual_check_out_date": "2025-12-17",
    "status": "Cancelled",
    "price_per_night": "208.00"
  }
},
{
  "model": "booking.booking",
  "pk": 116,
  "fields": {
    "room": 12,
    "user": 6,
    "check_in_date": "2026-08-10",
    "check_out_date": "2026-08-13",
    "actual_check_out_date": "2026-08-13",
    "status": "Booked",
    "price_per_night": "222.00"
  }
},
{
  "model": "booking.booking",
  "pk": 117,
  "fields": {
    "room": 2,
    "user": 18,
    "check_in_date": "2026-04-10",
    "check_out_date": "2026-04-14",
    "actual_check_out_date": "2026-04-14",
    "status": "Booked",
    "price_per_night": "46.00"
  }
},
{
  "model": "booking.booking",
  "pk": 118,
  "fields": {
    "room": 9,
    "user": 11,
    "check_in_date": "2026-05-15",
    "check_out_date": "2026-05-18",
    "actual_check_out_date": "2026-05-18",
    "status": "Booked",
    "price_per_night": "30.00"
  }
},
{
  "model": "booking.booking",
  "pk": 119,
  "fields": {
    "room": 7,
    "user": 15,
    "check_in_date": "2026-08-31",
    "check_out_date": "2026-09-01",
    "actual_check_out_date": "2026-09-04",
    "status": "Booked",
    "price_per_night": "162.00"
  }
},
{
  "model": "booking.booking",
  "pk": 120,
  "fields": {
    "room": 3,
    "user": 6,
    "check_in_date": "2026-01-14",
    "check_out_date": "2026-01-19",
    "actual_check_out_date": "2026-01-21",
    "status": "Active",
    "price_per_night": "163.00"
  }
},
{
  "model": "booking.booking",
  "pk": 121,
  "fields": {
    "room": 24,
    "user": 14,
    "check_in_date": "2026-04-24",
    "check_out_date": "2026-04-26",
    "actual_check_out_date": "2026-04-27",
    "status": "Booked",
    "price_per_night": "44.00"
  }
},
{
  "model": "booking.booking",
  "pk": 122,
  "fields": {
    "room": 4,
    "user": 15,
    "check_in_date": "2025-10-26",
    "check_out_date": "2025-10-29",
    "actual_check_out_date": "2025-10-29",
    "status": "Completed",
    "price_per_night": "209.00"
  }
},
{
  "model": "booking.booking",
  "pk": 123,
  "fields": {
    "room": 17,
    "user": 18,
    "check_in_date": "2026-03-04",
    "check_out_date": "2026-03-07",
    "actual_check_out_date": "2026-03-08",
    "status": "Booked",
    "price_per_night": "71.00"
  }
},
{
  "model": "booking.booking",
  "pk": 124,
  "fields": {
    "room": 21,
    "user": 14,
    "check_in_date": "2026-01-07",
    "check_out_date": "2026-01-09",
    "actual_check_out_date": "2026-01-09",
    "status": "No show",
    "price_per_night": "196.00"
  }
},
{
  "model": "booking.booking",
  "pk": 125,
  "fields": {
    "room": 4,
    "user": 9,
    "check_in_date": "2025-11-27",
    "check_out_date": "2025-11-29",
    "actual_check_out_date": "2025-12-02",
    "status": "Completed",
    "price_per_night": "164.00"
  }
},
{
  "model": "booking.booking",
  "pk": 126,
  "fields": {
    "room": 18,
    "user": 26,
    "check_in_date": "2025-10-22",
    "check_out_date": "2025-10-23",
    "actual_check_out_date": "2025-10-26",
    "status": "Completed",
    "price_per_night": "54.00"
  }
},
{
  "model": "booking.booking",
  "pk": 127,
  "fields": {
    "room": 1,
    "user": 17,
    "check_in_date": "2026-01-03",
    "check_out_date": "2026-01-04",
    "actual_check_out_date": "2026-01-05",
    "status": "Completed",
    "price_per_night": "55.00"
  }
},
{
  "model": "booking.booking",
  "pk": 128,
  "fields": {
    "room": 2,
    "user": 10,
    "check_in_date": "2025-11-09",
    "check_out_date": "2025-11-12",
    "actual_check_out_date": "2025-11-14",
    "status": "Completed",
    "price_per_night": "153.00"
  }
},
{
  "model": "booking.booking",
  "pk": 129,
  "fields": {
    "room": 2,
    "user": 16,
    "check_in_date": "2026-11-09",
    "check_out_date": "2026-11-10",
    "actual_check_out_date": "2026-11-12",
    "status": "Booked",
    "price_per_night": "34.00"
  }
},
{
  "model": "booking.booking",
  "pk": 130,
  "fields": {
    "room": 25,
    "user": 21,
    "check_in_date": "2025-11-13",
    "check_out_date": "2025-11-15",
    "actual_check_out_date": "2025-11-16",
    "status": "Cancelled",
    "price_per_night": "117.00"
  }
},
{
  "model": "booking.booking",
  "pk": 131,
  "fields": {
    "room": 14,
    "user": 10,
    "check_in_date": "2025-09-07",
    "check_out_date": "2025-09-12",
    "actual_check_out_date": "2025-09-12",
    "status": "Completed",
    "price_per_night": "136.00"
  }
},
{
  "model": "booking.booking",
  "pk": 132,
  "fields": {
    "room": 21,
    "user": 21,
    "check_in_date": "2026-12-13",
    "check_out_date": "2026-12-16",
    "actual_check_out_date": "2026-12-16",
    "status": "Booked",
    "price_per_night": "106.00"
  }
},
{
  "model": "booking.booking",
  "pk": 133,
  "fields": {
    "room": 9,
    "user": 22,
    "check_in_date": "2025-11-23",
    "check_out_date": "2025-11-24",
    "actual_check_out_date": "2025-11-27",
    "status": "No show",
    "price_per_night": "104.00"
  }
},
{
  "model": "booking.booking",
  "pk": 134,
  "fields": {
    "room": 5,
    "user": 16,
    "check_in_date": "2026-10-31",
    "check_out_date": "2026-11-01",
    "actual_check_out_date": "2026-11-03",
    "status": "Booked",
    "price_per_night": "207.00"
  }
},
{
  "model": "booking.booking",
  "pk": 135,
  "fields": {
    "room": 10,
    "user": 9,
    "check_in_date": "2026-01-06",
    "check_out_date": "2026-01-11",
    "actual_check_out_date": "2026-01-12",
    "status": "No show",
    "price_per_night": "115.00"
  }
},
{
  "model": "booking.booking",
  "pk": 136,
  "fields": {
    "room": 11,
    "user": 15,
    "check_in_date": "2026-04-27",
    "check_out_date": "2026-04-28",
    "actual_check_out_date": "2026-05-01",
    "status": "Booked",
    "price_per_night": "30.00"
  }
},
{
  "model": "booking.booking",
  "pk": 137,
  "fields": {
    "room": 3,
    "user": 17,
    "check_in_date": "2026-09-16",
    "check_out_date": "2026-09-21",
    "actual_check_out_date": "2026-09-23",
    "status": "Booked",
    "price_per_night": "89.00"
  }
},
{
  "model": "booking.booking",
  "pk": 138,
  "fields": {
    "room": 6,
    "user": 6,
    "check_in_date": "2026-05-09",
    "check_out_date": "2026-05-10",
    "actual_check_out_date": "2026-05-11",
    "status": "Booked",
    "price_per_night": "149.00"
  }
},
{
  "model": "booking.booking",
  "pk": 139,
  "fields": {
    "room": 15,
    "user": 18,
    "check_in_date": "2026-07-20",
    "check_out_date": "2026-07-22",
    "actual_check_out_date": "2026-07-23",
    "status": "Booked",
    "price_per_night": "32.00"
  }
},
{
  "model": "booking.booking",
  "pk": 140,
  "fields": {
    "room": 24,
    "user": 10,
    "check_in_date": "2025-10-15",
    "check_out_date": "2025-10-18",
    "actual_check_out_date": "2025-10-19",
    "status": "No show",
    "price_per_night": "86.00"
  }
},
{
  "model": "booking.booking",
  "pk": 141,
  "fields": {
    "room": 1,
    "user": 22,
    "check_in_date": "2026-07-26",
    "check_out_date": "2026-07-31",
    "actual_check_out_date": "2026-08-03",
    "status": "Booked",
    "price_per_night": "95.00"
  }
},
{
  "model": "booking.booking",
  "pk": 142,
  "fields": {
    "room": 15,
    "user": 17,
    "check_in_date": "2026-02-22",
    "check_out_date": "2026-02-23",
    "actual_check_out_date": "2026-02-24",
    "status": "Booked",
    "price_per_night": "89.00"
  }
},
{
  "model": "booking.booking",
  "pk": 143,
  "fields": {
    "room": 9,
    "user": 6,
    "check_in_date": "2026-05-22",
    "check_out_date": "2026-05-25",
    "actual_check_out_date": "2026-05-28",
    "status": "Booked",
    "price_per_night": "54.00"
  }
},
{
  "model": "booking.booking",
  "pk": 144,
  "fields": {
    "room": 19,
    "user": 8,
    "check_in_date": "2025-10-11",
    "check_out_date": "2025-10-15",
    "actual_check_out_date": "2025-10-18",
    "status": "No show",
    "price_per_night": "52.00"
  }
},
{
  "model": "booking.booking",
  "pk": 145,
  "fields": {
    "room": 2,
    "user": 13,
    "check_in_date": "2025-12-23",
    "check_out_date": "2025-12-25",
    "actual_check_out_date": "2025-12-28",
    "status": "Completed",
    "price_per_night": "176.00"
  }
},
{
  "model": "booking.booking",
  "pk": 146,
  "fields": {
    "room": 12,
    "user": 24,
    "check_in_date": "2025-11-19",
    "check_out_date": "2025-11-21",
    "actual_check_out_date": "2025-11-23",
    "status": "No show",
    "price_per_night": "169.00"
  }
},
{
  "model": "booking.booking",
  "pk": 147,
  "fields": {
    "room": 4,
    "user": 19,
    "check_in_date": "2026-10-17",
    "check_out_date": "2026-10-18",
    "actual_check_out_date": "2026-10-19",
    "status": "Booked",
    "price_per_night": "148.00"
  }
},
{
  "model": "booking.booking",
  "pk": 148,
  "fields": {
    "room": 12,
    "user": 26,
    "check_in_date": "2025-12-16",
    "check_out_date": "2025-12-17",
    "actual_check_out_date": "2025-12-19",
    "status": "No show",
    "price_per_night": "154.00"
  }
},
{
  "model": "booking.booking",
  "pk": 149,
  "fields": {
    "room": 25,
    "user": 11,
    "check_in_date": "2025-12-11",
    "check_out_date": "2025-12-14",
    "actual_check_out_date": "2025-12-16",
    "status": "Completed",
    "price_per_night": "234.00"
  }
},
{
  "model": "booking.booking",
  "pk": 150,
  "fields": {
    "room": 18,
    "user": 27,
    "check_in_date": "2026-03-16",
    "check_out_date": "2026-03-19",
    "actual_check_out_date": "2026-03-20",
    "status": "Booked",
    "price_per_night": "167.00"
  }
},
{
  "model": "booking.booking",
  "pk": 151,
  "fields": {
    "room": 3,
    "user": 21,
    "check_in_date": "2026-09-15",
    "check_out_date": "2026-09-20",
    "actual_check_out_date": "2026-09-21",
    "status": "Booked",
    "price_per_night": "131.00"
  }
},
{
  "model": "guest.guest",
  "pk": 1,
  "fields": {
    "password": "pbkdf2_sha256$870000$FXpOpiKjXk2BKMKRbxF5oQ$6XkEUUoQWO1Jvws67teXTa4p2atMdJRelY+ZqKp3isI=",
    "last_login": "2026-01-14T11:11:28.358Z",
    "is_superuser": true,
    "first_name": "",
    "last_name": "",
    "is_staff": true,
    "is_active": true,
    "date_joined": "2026-01-14T10:22:06.405Z",
    "email": "user123@user.com",
    "groups": [],
    "user_permissions": []
  }
},
{
  "model": "guest.guest",
  "pk": 6,
  "fields": {
    "password": "pbkdf2_sha256$870000$rK9eShF2FnyxiiMNqHVCdD$mJJmsLmnRZf4iRazbJIDc3O7DOEpxyV+73CHGASlxBo=",
    "last_login": null,
    "is_superuser": false,
    "first_name": "",
    "last_name": "",
    "is_staff": false,
    "is_active": true,
    "date_joined": "2026-01-14T11:00:27.881Z",
    "email": "user123@gmail.com",
    "groups": [],
    "user_permissions": []
  }
},
{
  "model": "guest.guest",
  "pk": 7,
  "fields": {
    "password": "pbkdf2_sha256$870000$0s0T588Ke0vfPuE6zFUwJD$L3AUkxh8yd5F0Lk3sGDqB2Tl0SI/JCZRRp7RaeMQ4s8=",
    "last_login": null,
    "is_superuser": false,
    "first_name": "",
    "last_name": "",
    "is_staff": false,
    "is_active": true,
    "date_joined": "2026-01-14T15:25:45.153Z",
    "email": "user@user.com",
    "groups": [],
    "user_permissions": []
  }
},
{
  "model": "guest.guest",
  "pk": 8,
  "fields": {
    "password": "pbkdf2_sha256$870000$DeYxMNlTM79ukqgBkz04T2$LcASaQkWHH8oZpZSgD9kvRPyEV1jXVRGkptYJh1Nw5w=",
    "last_login": "2026-01-14T15:30:30.818Z",
    "is_superuser": true,
    "first_name": "",
    "last_name": "",
    "is_staff": true,
    "is_active": true,
    "date_joined": "2026-01-14T15:30:22.159Z",
    "email": "admin@admin.com",
    "groups": [],
    "user_permissions": []
  }
},
{
  "model": "guest.guest",
  "pk": 9,
  "fields": {
    "password": "pbkdf2_sha256$870000$pfd09Wyc6AcwrvtHxUrxzm$phmi/D5HLDzMnutKYpPGaLlQXUHQoY4RQ2JcUyABuLs=",
    "last_login": null,
    "is_superuser": false,
    "first_name": "",
    "last_name": "",
    "is_staff": false,
    "is_active": true,
    "date_joined": "2026-01-14T15:31:19.841Z",
    "email": "user1235@user.com",
    "groups": [],
    "user_permissions": []
  }
},
{
  "model": "guest.guest",
  "pk": 10,
  "fields": {
    "password": "pbkdf2_sha256$870000$u1PXylWqhYOal2yqffU2Gj$vF1voF1UIzGdCY11Om36LuA/6RzqbOY2OGy1kldYPUE=",
    "last_login": null,
    "is_superuser": false,
    "first_name": "Laura",
    "last_name": "Anderson",
    "is_staff": false,
    "is_active": true,
    "date_joined": "2026-01-15T12:05:25.064Z",
    "email": "laura.anderson.dplgjp@example.com",
    "groups": [],
    "user_permissions": []
  }
},
{
  "model": "guest.guest",
  "pk": 11,
  "fields": {
    "password": "pbkdf2_sha256$870000$8eAR3VYsnlslUU0DsyToGC$HatfehBjhafWgGOWGuDKbW+XnHNeuacVJEfn1ufcmds=",
    "last_login": null,
    "is_superuser": false,
    "first_name": "John",
    "last_name": "Smith",
    "is_staff": false,
    "is_active": true,
    "date_joined": "2026-01-15T12:05:25.430Z",
    "email": "john.smith.essmvc@example.com",
    "groups": [],
    "user_permissions": []
  }
},
{
  "model": "guest.guest",
  "pk": 12,
  "fields": {
    "password": "pbkdf2_sha256$870000$YQb1FPSEKLUhPdgb2wpK6T$fYdmp6NOti9/Glx4GsZimmRd0XPIJD+lkDg0PFnJx2w=",
    "last_login": null,
    "is_superuser": false,
    "first_name": "Sarah",
    "last_name": "Anderson",
    "is_staff": false,
    "is_active": true,
    "date_joined": "2026-01-15T12:05:25.786Z",
    "email": "sarah.anderson.zlowlh@example.com",
    "groups": [],
    "user_permissions": []
  }
},
{
  "model": "guest.guest",
  "pk": 13,
  "fields": {
    "password": "pbkdf2_sha256$870000$aOwgFWbeHFaqUIA6mlX6C7$uT26SA99qJM02aok0rXVILhvxgpcTUmkvELDgw5kLac=",
    "last_login": null,
    "is_superuser": false,
    "first_name": "David",
    "last_name": "Smith",
    "is_staff": false,
    "is_active": true,
    "date_joined": "2026-01-15T12:05:26.142Z",
    "email": "david.smith.vyqwda@example.com",
    "groups": [],
    "user_permissions": []
  }
},
{
  "model": "guest.guest",
  "pk": 14,
  "fields": {
    "password": "pbkdf2_sha256$870000$DWa4ls4EdnjVrnvcWykI4Y$aHct+4u7RUSq67tNpmKj1rztD49pvJCJ9dT/V5XSKI8=",
    "last_login": null,
    "is_superuser": false,
    "first_name": "Michael",
    "last_name": "Martin",
    "is_staff": false,
    "is_active": true,
    "date_joined": "2026-01-15T12:05:26.503Z",
    "email": "michael.martin.sjaior@example.com",
    "groups": [],
    "user_permissions": []
  }
},
{
  "model": "guest.guest",
  "pk": 15,
  "fields": {
    "password": "pbkdf2_sha256$870000$eVHgVYpAHgNm1fiOMCnPZ8$iBmPr1XeW6TAKv61zCESOuf6lyio7g75whyQ4C+0FDU=",
    "last_login": null,
    "is_superuser": false,
    "first_name": "Anna",
    "last_name": "Taylor",
    "is_staff": false,
    "is_active": true,
    "date_joined": "2026-01-15T12:05:26.862Z",
    "email": "anna.taylor.qncmgb@example.com",
    "groups": [],
    "user_permissions": []
  }
},
{
  "model": "guest.guest",
  "pk": 16,
  "fields": {
    "password": "pbkdf2_sha256$870000$ovTuyT1nSnB3im73WfLXqq$ca7Ip+L5UMAPMIRIKqzhxaunH+Y+OI4UwVa/VTcCrgs=",
    "last_login": null,
    "is_superuser": false,
    "first_name": "Chris",
    "last_name": "Smith",
    "is_staff": false,
    "is_active": true,
    "date_joined": "2026-01-15T12:05:27.216Z",
    "email": "chris.smith.ktkbdl@example.com",
    "groups": [],
    "user_permissions": []
  }
},
{
  "model": "guest.guest",
  "pk": 17,
  "fields": {
    "password": "pbkdf2_sha256$870000$Kq8zVU8gmVQr5kMJJdaGiL$aurDI835mrfMSyak0CcsdZelFjwMM1oWTBahnt4NdLk=",
    "last_login": null,
    "is_superuser": false,
    "first_name": "Jane",
    "last_name": "White",
    "is_staff": false,
    "is_active": true,
    "date_joined": "2026-01-15T12:05:27.579Z",
    "email": "jane.white.qpomzg@example.com",
    "groups": [],
    "user_permissions": []
  }
},
{
  "model": "guest.guest",
  "pk": 18,
  "fields": {
    "password": "pbkdf2_sha256$870000$5gjIbY62g3D0Z7l2rANWWv$1QRZ6LARGTzKTH0T35CxuGlCcoJskF65ya+LVAVrG7E=",
    "last_login": null,
    "is_superuser": false,
    "first_name": "Daniel",
    "last_name": "Jackson",
    "is_staff": false,
    "is_active": true,
    "date_joined": "2026-01-15T12:05:27.936Z",
    "email": "daniel.jackson.kvvsfw@example.com",
    "groups": [],
    "user_permissions": []
  }
},
{
  "model": "guest.guest",
  "pk": 19,
  "fields": {
    "password": "pbkdf2_sha256$870000$2ATr9Ap4bSYkYYQh2mrjOj$85bVSETrMzmm00ttzbkRcmNq6HSloGuaUzVJJOaHVDU=",
    "last_login": null,
    "is_superuser": false,
    "first_name": "Sarah",
    "last_name": "Thomas",
    "is_staff": false,
    "is_active": true,
    "date_joined": "2026-01-15T12:05:28.304Z",
    "email": "sarah.thomas.llwqld@example.com",
    "groups": [],
    "user_permissions": []
  }
},
{
  "model": "guest.guest",
  "pk": 20,
  "fields": {
    "password": "pbkdf2_sha256$870000$f1Nr69zKcla7ZvUNoOFe5A$U4TB3+/nvhi0+2+cugiTlrYI3QABPPEFw3iMRCbhwV4=",
    "last_login": null,
    "is_superuser": false,
    "first_name": "Emily",
    "last_name": "Smith",
    "is_staff": false,
    "is_active": true,
    "date_joined": "2026-01-15T12:05:28.669Z",
    "email": "emily.smith.nyndjs@example.com",
    "groups": [],
    "user_permissions": []
  }
},
{
  "model": "guest.guest",
  "pk": 21,
  "fields": {
    "password": "pbkdf2_sha256$870000$xaCcEScX88K86SXoUpzrd3$cPTBxHlufBexkOMYbKUM0lnJEP+t7JSyyKGwp1kqsnc=",
    "last_login": null,
    "is_superuser": false,
    "first_name": "Emily",
    "last_name": "White",
    "is_staff": false,
    "is_active": true,
    "date_joined": "2026-01-15T12:05:29.031Z",
    "email": "emily.white.ibuwex@example.com",
    "groups": [],
    "user_permissions": []
  }
},
{
  "model": "guest.guest",
  "pk": 22,
  "fields": {
    "password": "pbkdf2_sha256$870000$JEY978zq1O6TCG01OnTVG9$To2XWwl+vooH0c6d+z1tTLkVQavAw+sXAvTbmgCbQ+s=",
    "last_login": null,
    "is_superuser": false,
    "first_name": "Emily",
    "last_name": "Martin",
    "is_staff": false,
    "is_active": true,
    "date_joined": "2026-01-15T12:05:29.406Z",
    "email": "emily.martin.gdzxoe@example.com",
    "groups": [],
    "user_permissions": []
  }
},
{
  "model": "guest.guest",
  "pk": 23,
  "fields": {
    "password": "pbkdf2_sha256$870000$9USKVoClQlYk9lrXn1miWJ$wjSjKwC3WJK6jsMWoxJxjW9/kIVXpjcJuPKxQ+OeKvw=",
    "last_login": null,
    "is_superuser": false,
    "first_name": "Daniel",
    "last_name": "Johnson",
    "is_staff": false,
    "is_active": true,
    "date_joined": "2026-01-15T12:05:29.774Z",
    "email": "daniel.johnson.vuahbj@example.com",
    "groups": [],
    "user_permissions": []
  }
},
{
  "model": "guest.guest",
  "pk": 24,
  "fields": {
    "password": "pbkdf2_sha256$870000$1AFWqlUEKj6EuLFe5inA8o$5hbYU+yMJutPCioKnJHqk8y+6jHsJCLU/YyVlJjVwus=",
    "last_login": null,
    "is_superuser": false,
    "first_name": "Jane",
    "last_name": "White",
    "is_staff": false,
    "is_active": true,
    "date_joined": "2026-01-15T12:05:30.139Z",
    "email": "jane.white.aarcqu@example.com",
    "groups": [],
    "user_permissions": []
  }
},
{
  "model": "guest.guest",
  "pk": 25,
  "fields": {
    "password": "pbkdf2_sha256$870000$amUcG8S8ykig65vNmjF7la$vsUyHXuzKtfPeNMpK8Dn1vNNav5TGl0MyziGzGS4f4k=",
    "last_login": null,
    "is_superuser": false,
    "first_name": "Laura",
    "last_name": "Martin",
    "is_staff": false,
    "is_active": true,
    "date_joined": "2026-01-15T12:05:30.517Z",
    "email": "laura.martin.pnjuvk@example.com",
    "groups": [],
    "user_permissions": []
  }
},
{
  "model": "guest.guest",
  "pk": 26,
  "fields": {
    "password": "pbkdf2_sha256$870000$ns8UDjIz0J5cdnPQ2X0JXy$L2H952lEIX88zlIXvCWNiq+GxSZMUwOjnXHMb6OW5o8=",
    "last_login": null,
    "is_superuser": false,
    "first_name": "Emily",
    "last_name": "Taylor",
    "is_staff": false,
    "is_active": true,
    "date_joined": "2026-01-15T12:05:30.881Z",
    "email": "emily.taylor.abgxhs@example.com",
    "groups": [],
    "user_permissions": []
  }
},
{
  "model": "guest.guest",
  "pk": 27,
  "fields": {
    "password": "pbkdf2_sha256$870000$SLULY3o9Qj8UxVgWEE6QKF$fF+Fvgiup9KfXi2YtnLA0mixVl+vpWuEpK4SPJE8kb8=",
    "last_login": null,
    "is_superuser": false,
    "first_name": "Anna",
    "last_name": "Martin",
    "is_staff": false,
    "is_active": true,
    "date_joined": "2026-01-15T12:05:31.237Z",
    "email": "anna.martin.jbhwlx@example.com",
    "groups": [],
    "user_permissions": []
  }
},
{
  "model": "guest.guest",
  "pk": 28,
  "fields": {
    "password": "pbkdf2_sha256$870000$bRwQWn4CA3r9VbmFTDf4h5$miCFY4d/QsNf3Il61OuNW8v1eLoaOYsSEGKVl26GGxY=",
    "last_login": null,
    "is_superuser": false,
    "first_name": "Sarah",
    "last_name": "Jackson",
    "is_staff": false,
    "is_active": true,
    "date_joined": "2026-01-15T12:05:31.608Z",
    "email": "sarah.jackson.oltcor@example.com",
    "groups": [],
    "user_permissions": []
  }
},
{
  "model": "guest.guest",
  "pk": 29,
  "fields": {
    "password": "pbkdf2_sha256$870000$qfSCDrPBrXYj8ASPUXG0lO$R/xrIq4EOxx3uKECAvJb6KPwuZb7sfEfR6N1pZFzlUk=",
    "last_login": null,
    "is_superuser": false,
    "first_name": "Sarah",
    "last_name": "White",
    "is_staff": false,
    "is_active": true,
    "date_joined": "2026-01-15T12:05:31.967Z",
    "email": "sarah.white.gxojga@example.com",
    "groups": [],
    "user_permissions": []
  }
}
]
